0, 0.00, 0.00, 8000
1000, 137.30, 129.05, 28000
2000, 267.35, 262.30, 26000
3000, 438.60, 428.85, 19000
4000, 608.90, 592.10, 9000
5000, 792.25, 724.05, 2000
6000, 959.70, 600.95, 2000
7000, 1124.00, 941.80, 3000
8000, 1295.25, 948.05, 5000
9000, 1440.00, 1111.45, 2000
10000, 1657.15, 1396.70, 5000
11000, 1845.80, 1128.45, 3000
12000, 2007.90, 1905.15, 3000
13000, 2207.30, 1252.70, 2000
14000, 2438.15, 1355.35, 6000
15000, 2587.80, 1498.90, 5000
16000, 2798.75, 1346.65, 4000
17000, 2962.00, 1289.45, 5000
18000, 3196.75, 1570.15, 4000
19000, 3343.85, 1845.55, 3000
20000, 3536.30, 1810.55, 6000
21000, 3721.05, 1883.70, 2000
22000, 3879.85, 1979.75, 3000
23000, 4123.80, 2020.25, 7000
24000, 4385.85, 2560.10, 2000
25000, 4508.50, 2157.35, 8000
26000, 4681.15, 2254.60, 4000
27000, 4917.10, 2498.75, 6000
28000, 5065.00, 2742.20, 3000
29000, 5274.15, 2503.25, 3000
30000, 5455.75, 2398.80, 4000
31000, 5660.35, 2974.90, 4000
32000, 5913.50, 3134.35, 5000
33000, 6063.80, 2906.30, 3000
34000, 6219.45, 2677.75, 5000
35000, 8733.80, 3083.40, 3000
36000, 6760.75, 3477.30, 3000
37000, 6921.80, 3308.60, 3000
38000, 10083.00, 3347.35, 5000
39000, 7543.55, 4149.65, 4000
40000, 8738.70, 3776.05, 3000
41000, 7802.05, 3569.65, 7000
42000, 7863.40, 3628.50, 3000
43000, 8207.10, 3988.85, 3000
44000, 8397.50, 4131.95, 3000
45000, 8401.85, 4141.95, 7000
46000, 9934.10, 4160.85, 3000
47000, 9021.50, 4936.10, 13000
48000, 10646.55, 3891.95, 4000
49000, 9276.75, 4955.65, 6000
50000, 9590.25, 4469.85, 3000
51000, 9673.40, 4430.55, 14000
52000, 10017.00, 4965.95, 5000
53000, 10630.20, 4899.00, 5000
54000, 10368.35, 4446.70, 17000
55000, 10563.80, 5124.15, 5000
56000, 10968.00, 5775.45, 5000
57000, 11108.65, 5071.00, 6000
58000, 11150.50, 4742.25, 16000
59000, 11389.90, 5212.55, 10000
60000, 11604.90, 4820.55, 16000
61000, 14671.25, 5459.55, 4000
62000, 11929.15, 5402.70, 3000
63000, 12137.65, 5318.60, 8000
64000, 12582.60, 5717.85, 5000
65000, 15368.00, 5504.95, 7000
66000, 12809.70, 6115.35, 5000
67000, 13545.50, 5609.70, 14000
68000, 13190.50, 5847.75, 4000
69000, 13717.10, 5896.85, 4000
70000, 13812.75, 6839.75, 15000
71000, 13837.10, 5824.30, 4000
72000, 13999.95, 6353.50, 8000
73000, 14257.35, 6578.35, 7000
74000, 14511.95, 6548.50, 4000
75000, 15010.45, 7869.20, 4000
76000, 15163.20, 6579.55, 3000
77000, 15097.40, 6967.55, 4000
78000, 15326.70, 6327.05, 5000
79000, 15683.40, 7022.45, 9000
80000, 15787.25, 6410.75, 24000
81000, 16809.10, 7039.40, 12000
82000, 16219.15, 6939.85, 6000
83000, 16314.55, 6944.35, 4000
84000, 16623.65, 6476.85, 5000
85000, 17339.40, 7214.40, 9000
86000, 17162.80, 7499.50, 6000
87000, 17198.40, 6892.75, 6000
88000, 17778.05, 8683.20, 7000
89000, 17550.55, 7615.60, 8000
90000, 17852.45, 7147.20, 7000
91000, 18369.05, 7994.70, 4000
92000, 18348.35, 7732.35, 8000
93000, 18513.05, 7908.00, 8000
94000, 18719.25, 7798.05, 7000
95000, 19078.30, 8286.55, 6000
96000, 19409.05, 8830.65, 9000
97000, 19586.05, 8511.75, 8000
98000, 19609.35, 7959.95, 9000
99000, 19764.50, 8614.60, 5000
100000, 20042.50, 7598.30, 29000
101000, 20454.90, 8623.50, 6000
102000, 20661.50, 8696.00, 5000
103000, 20633.40, 8479.20, 13000
104000, 21338.60, 9109.35, 8000
105000, 21008.60, 7957.60, 26000
106000, 21316.60, 8726.75, 10000
107000, 21673.35, 8640.05, 8000
108000, 21888.30, 8491.00, 25000
109000, 22119.50, 8992.40, 6000
110000, 22310.30, 9364.85, 10000
111000, 22480.60, 9045.85, 6000
112000, 22705.25, 9661.45, 5000
113000, 23290.05, 10000.35, 7000
114000, 23178.35, 9425.90, 18000
115000, 23269.30, 9128.15, 6000
116000, 23456.65, 9375.30, 7000
117000, 23467.00, 9314.65, 8000
118000, 23822.85, 9498.90, 13000
119000, 24088.65, 11137.30, 5000
120000, 24470.45, 10192.55, 6000
121000, 24549.55, 9738.50, 7000
122000, 25132.85, 9764.00, 5000
123000, 25048.30, 10060.55, 9000
124000, 25205.35, 10219.50, 10000
125000, 25620.45, 10241.90, 9000
126000, 26010.45, 10836.10, 8000
127000, 25695.65, 10113.15, 14000
128000, 26233.45, 10858.60, 6000
129000, 26287.95, 10263.70, 6000
130000, 26577.70, 10778.40, 8000
131000, 27092.90, 11583.05, 6000
132000, 27054.45, 11273.10, 6000
133000, 26910.95, 10751.15, 6000
134000, 28029.50, 11585.25, 8000
135000, 27693.35, 10460.60, 14000
136000, 27870.30, 10823.05, 8000
137000, 27881.75, 11110.15, 6000
138000, 28347.10, 11110.60, 6000
139000, 28963.65, 11743.55, 7000
140000, 28561.70, 11287.10, 6000
141000, 29041.95, 11181.95, 10000
142000, 29247.55, 11013.95, 9000
143000, 29376.35, 11816.10, 9000
144000, 29607.95, 11695.75, 7000
145000, 30446.75, 12705.00, 7000
146000, 30009.45, 11472.40, 8000
147000, 30040.50, 11316.00, 9000
148000, 30651.05, 12508.25, 11000
149000, 31167.30, 12266.75, 10000
150000, 30848.70, 11294.90, 8000
151000, 30908.40, 12239.70, 9000
152000, 31192.05, 11967.55, 8000
153000, 31700.70, 12246.95, 10000
154000, 32421.35, 12452.70, 15000
155000, 31829.75, 12366.20, 6000
156000, 32589.65, 12683.60, 8000
157000, 32866.65, 13293.75, 8000
158000, 32878.50, 12870.80, 8000
159000, 32658.15, 12384.75, 7000
160000, 33278.60, 12826.10, 7000
161000, 33792.90, 13309.90, 11000
162000, 33851.95, 13133.70, 8000
163000, 34008.75, 14355.35, 29000
164000, 34082.45, 13251.95, 11000
165000, 34434.90, 13511.25, 14000
166000, 34736.05, 14350.80, 9000
167000, 34784.70, 14765.95, 11000
168000, 34884.75, 13881.20, 4000
169000, 35254.00, 13717.60, 9000
170000, 35466.15, 13375.40, 12000
171000, 35502.85, 13985.55, 8000
172000, 35636.55, 13688.95, 13000
173000, 36460.65, 14250.35, 8000
174000, 36718.00, 13484.10, 10000
175000, 36636.60, 13475.75, 9000
176000, 36635.45, 13828.95, 9000
177000, 36955.85, 13734.25, 10000
178000, 37353.40, 13995.65, 11000
179000, 37161.40, 13627.60, 11000
180000, 37773.85, 14317.20, 10000
181000, 37635.75, 14245.20, 10000
182000, 38279.05, 16452.75, 11000
183000, 38437.40, 14305.30, 9000
184000, 38627.25, 14448.70, 13000
185000, 38676.35, 14730.75, 10000
186000, 39037.55, 14743.50, 6000
187000, 39388.75, 15098.00, 10000
188000, 39879.05, 14862.20, 7000
189000, 39850.60, 15164.40, 9000
190000, 39989.20, 15206.85, 14000
191000, 40258.70, 16897.55, 12000
192000, 40507.50, 15591.75, 10000
193000, 40531.20, 15054.65, 11000
194000, 40751.35, 15482.25, 12000
195000, 41236.75, 15058.70, 8000
196000, 41380.65, 16308.35, 9000
197000, 41271.10, 14595.35, 8000
198000, 41723.30, 15991.85, 11000
199000, 41796.10, 15702.95, 13000
200000, 42530.95, 15868.55, 10000
201000, 42506.00, 16005.45, 10000
202000, 42261.60, 16071.05, 8000
203000, 43030.55, 16193.85, 13000
204000, 42989.95, 15332.05, 11000
205000, 43281.00, 16328.05, 14000
206000, 43298.65, 16392.20, 11000
207000, 43953.10, 17389.85, 8000
208000, 44277.80, 16621.15, 6000
209000, 43734.15, 16181.25, 11000
210000, 44631.75, 16831.40, 10000
211000, 45267.70, 17180.00, 11000
212000, 45012.35, 16708.65, 13000
213000, 45332.05, 17133.90, 7000
214000, 44789.40, 16235.50, 9000
215000, 45466.55, 17483.90, 15000
216000, 45200.80, 16996.75, 9000
217000, 45960.25, 17618.55, 14000
218000, 46189.20, 17136.65, 12000
219000, 46222.45, 17959.70, 8000
220000, 46502.95, 16907.80, 13000
221000, 47989.70, 18791.05, 7000
222000, 47217.30, 18498.40, 14000
223000, 47100.35, 17497.90, 11000
224000, 47673.30, 16891.95, 8000
225000, 47524.50, 17585.75, 10000
226000, 48050.90, 17862.25, 9000
227000, 49026.35, 18425.55, 13000
228000, 48062.40, 18062.50, 10000
229000, 49084.85, 18557.45, 8000
230000, 48414.60, 17649.25, 13000
231000, 49747.75, 18501.85, 8000
232000, 49837.05, 18274.85, 14000
233000, 50611.90, 19252.65, 14000
234000, 49451.55, 17959.10, 9000
235000, 50292.40, 17263.20, 9000
236000, 50295.75, 18441.15, 13000
237000, 51019.40, 19658.35, 8000
238000, 50350.45, 17572.10, 14000
239000, 50725.70, 18902.90, 12000
240000, 50658.30, 18542.85, 11000
241000, 51444.95, 18999.95, 13000
242000, 51946.35, 18975.00, 9000
243000, 51640.10, 18501.35, 14000
244000, 52188.35, 19018.55, 17000
245000, 51926.25, 17938.60, 12000
246000, 52551.30, 19956.00, 14000
247000, 53037.65, 18695.50, 8000
248000, 52826.40, 19830.55, 9000
249000, 53180.70, 19688.40, 11000
250000, 53897.05, 19074.30, 13000
251000, 53407.10, 18403.45, 10000
252000, 53801.30, 18807.55, 6000
253000, 54242.20, 20312.00, 17000
254000, 53840.55, 19209.30, 13000
255000, 54938.40, 20270.85, 12000
256000, 54888.75, 19924.20, 7000
257000, 55309.85, 21383.40, 6000
258000, 56122.95, 20698.90, 7000
259000, 57187.05, 21003.80, 7000
260000, 55545.00, 20189.30, 13000
261000, 56204.20, 21343.60, 8000
262000, 55793.30, 19606.75, 10000
263000, 56458.00, 19592.85, 9000
264000, 56795.30, 19384.85, 11000
265000, 56728.90, 20182.45, 15000
266000, 56875.10, 20517.55, 8000
267000, 57015.05, 20529.85, 18000
268000, 58639.15, 22115.00, 12000
269000, 58196.00, 20591.55, 8000
270000, 58131.80, 20847.40, 10000
271000, 58723.15, 21271.45, 11000
272000, 58320.15, 21147.60, 10000
273000, 59466.50, 21449.95, 13000
274000, 58540.40, 21064.70, 10000
275000, 58938.15, 20922.25, 17000
276000, 59361.45, 20748.25, 7000
277000, 60261.50, 21776.80, 17000
278000, 59628.15, 21777.10, 13000
279000, 60317.60, 22247.00, 14000
280000, 59951.55, 21877.80, 17000
281000, 60492.15, 22390.85, 15000
282000, 61899.35, 23267.70, 15000
283000, 61085.10, 21990.20, 13000
284000, 61405.35, 22322.45, 9000
285000, 62341.10, 22977.35, 15000
286000, 61838.70, 21862.15, 7000
287000, 61969.45, 21266.25, 11000
288000, 61880.40, 21464.45, 11000
289000, 63224.45, 23549.00, 8000
290000, 62753.40, 22319.65, 13000
291000, 63080.85, 22280.30, 14000
292000, 63161.00, 22894.25, 11000
293000, 64475.10, 23079.00, 12000
294000, 64229.55, 23776.35, 14000
295000, 64479.25, 24416.05, 17000
296000, 63594.25, 21833.35, 12000
297000, 64188.80, 22557.55, 14000
298000, 63995.15, 22317.85, 16000
299000, 64827.40, 22992.90, 14000
300000, 66121.90, 24711.50, 14000
301000, 65383.20, 23062.30, 11000
302000, 65804.15, 23255.50, 22000
303000, 66293.30, 24247.60, 12000
304000, 65157.60, 22317.70, 14000
305000, 66192.00, 23778.85, 8000
306000, 66296.40, 23029.95, 18000
307000, 66357.20, 23620.00, 19000
308000, 66929.45, 23459.65, 11000
309000, 66844.00, 23189.30, 12000
310000, 67197.40, 23508.20, 17000
311000, 67369.15, 22909.30, 10000
312000, 67563.65, 24020.00, 8000
313000, 68008.20, 24268.10, 20000
314000, 68224.85, 24111.60, 15000
315000, 69143.05, 25979.15, 10000
316000, 68280.70, 23478.55, 10000
317000, 69235.40, 24293.05, 17000
318000, 69145.15, 23949.05, 13000
319000, 68920.40, 24479.20, 11000
320000, 69460.15, 24820.00, 12000
321000, 70373.05, 24465.45, 14000
322000, 69650.85, 25683.55, 13000
323000, 70164.05, 25107.10, 19000
324000, 70311.80, 24685.95, 11000
325000, 70327.55, 24677.55, 16000
326000, 70696.65, 25872.65, 8000
327000, 71274.20, 24509.25, 10000
328000, 70954.40, 24164.05, 14000
329000, 71682.05, 24667.45, 17000
330000, 71794.25, 25556.95, 11000
331000, 72122.65, 25452.75, 14000
332000, 72236.85, 25665.95, 16000
333000, 72378.05, 25904.95, 16000
334000, 72646.45, 25094.35, 13000
335000, 73439.90, 25496.30, 8000
336000, 74454.15, 27897.05, 16000
337000, 72800.70, 25436.50, 19000
338000, 72976.50, 24407.15, 14000
339000, 74312.55, 25795.45, 11000
340000, 74190.30, 26042.40, 14000
341000, 74210.80, 26840.90, 15000
342000, 75089.35, 25766.80, 10000
343000, 74968.65, 26455.60, 17000
344000, 75374.00, 26966.10, 15000
345000, 76340.10, 26796.05, 7000
346000, 75039.50, 26367.75, 19000
347000, 76193.30, 26724.70, 11000
348000, 76111.50, 25514.90, 20000
349000, 75504.75, 25726.15, 12000
350000, 76652.15, 26415.55, 12000
351000, 76524.25, 27505.85, 10000
352000, 76051.55, 27073.55, 12000
353000, 77015.80, 26898.60, 18000
354000, 78062.55, 28100.65, 20000
355000, 77493.05, 27585.75, 20000
356000, 78371.20, 26474.75, 10000
357000, 77828.10, 27367.00, 13000
358000, 77837.90, 26931.85, 11000
359000, 78537.35, 27269.45, 12000
360000, 79937.65, 27840.05, 11000
361000, 78791.20, 28177.75, 15000
362000, 79919.90, 27914.95, 13000
363000, 79455.80, 28515.10, 10000
364000, 79932.95, 28319.00, 10000
365000, 79705.25, 26292.30, 20000
366000, 81484.20, 28516.40, 11000
367000, 80713.20, 27175.45, 12000
368000, 80457.85, 27135.70, 8000
369000, 81049.10, 28319.65, 12000
370000, 80641.70, 26654.20, 15000
371000, 81364.90, 28762.10, 11000
372000, 82670.70, 28747.00, 13000
373000, 81503.35, 28919.15, 15000
374000, 82347.40, 27304.90, 14000
375000, 81750.35, 28778.95, 15000
376000, 82725.70, 28016.85, 8000
377000, 82849.25, 29891.55, 12000
378000, 83404.10, 29059.60, 14000
379000, 83648.65, 29330.90, 16000
380000, 83296.95, 28755.50, 13000
381000, 84725.30, 30032.60, 9000
382000, 84095.55, 28535.90, 21000
383000, 83358.60, 29030.75, 24000
384000, 84892.50, 31961.60, 14000
385000, 84546.40, 27676.55, 14000
386000, 85091.25, 28223.20, 10000
387000, 85585.00, 28480.15, 14000
388000, 85793.50, 31859.90, 10000
389000, 87260.20, 29901.25, 14000
390000, 86602.55, 30460.90, 16000
391000, 86356.15, 29185.25, 13000
392000, 87175.90, 32208.80, 10000
393000, 86670.80, 28856.10, 10000
394000, 86531.70, 30030.20, 18000
395000, 86465.80, 30357.25, 13000
396000, 87172.35, 30432.65, 18000
397000, 87288.40, 29303.35, 13000
398000, 88035.45, 29420.10, 15000
399000, 88640.45, 30731.50, 10000
400000, 88352.00, 30230.80, 13000
401000, 87801.30, 29238.55, 13000
402000, 88730.85, 31254.25, 22000
403000, 90130.75, 30767.55, 11000
404000, 88448.10, 29612.35, 17000
405000, 89279.40, 29657.80, 12000
406000, 88913.60, 29922.60, 14000
407000, 91061.90, 32029.10, 10000
408000, 91403.15, 33920.40, 10000
409000, 90367.95, 30715.55, 13000
410000, 90347.35, 30246.65, 15000
411000, 90746.90, 30741.15, 13000
412000, 91820.00, 31441.00, 11000
413000, 91246.15, 30371.20, 10000
414000, 90552.40, 29628.50, 16000
415000, 91392.20, 31397.65, 17000
416000, 92095.00, 31713.60, 16000
417000, 92872.50, 31822.70, 12000
418000, 92539.75, 31360.90, 20000
419000, 92147.20, 31205.05, 12000
420000, 93045.95, 33174.20, 11000
421000, 93117.40, 30648.80, 9000
422000, 93343.85, 32415.05, 21000
423000, 93570.45, 31413.15, 13000
424000, 94607.15, 32251.75, 10000
425000, 94518.05, 33546.30, 11000
426000, 94366.75, 33253.25, 16000
427000, 94539.95, 32607.65, 13000
428000, 94421.00, 31636.80, 13000
429000, 94195.65, 30828.65, 16000
430000, 95049.25, 33589.65, 13000
431000, 95694.95, 33092.40, 17000
432000, 97253.35, 33368.30, 14000
433000, 96968.80, 32128.05, 8000
434000, 96526.80, 33915.15, 14000
435000, 97070.55, 32324.85, 12000
436000, 97197.65, 32793.45, 12000
437000, 96034.10, 31326.10, 15000
438000, 97323.50, 34075.85, 17000
439000, 97826.20, 33880.80, 17000
440000, 97854.50, 31217.45, 12000
441000, 98223.80, 34432.10, 11000
442000, 98564.65, 34626.00, 16000
443000, 97526.90, 33436.35, 15000
444000, 100927.85, 34315.30, 9000
445000, 99600.20, 33057.50, 11000
446000, 100983.45, 33993.45, 9000
447000, 99067.45, 33230.95, 13000
448000, 100166.40, 35566.75, 11000
449000, 98840.00, 33452.15, 17000
450000, 99420.00, 34717.45, 19000
451000, 99523.35, 34201.50, 11000
452000, 100787.25, 35444.50, 11000
453000, 101180.25, 34574.55, 10000
454000, 100894.55, 34511.65, 16000
455000, 101987.90, 34956.65, 13000
456000, 101990.05, 34542.00, 18000
457000, 101669.90, 34936.35, 10000
458000, 101030.40, 34463.30, 12000
459000, 102831.70, 34835.55, 16000
460000, 102579.40, 33294.55, 12000
461000, 102375.00, 35781.25, 19000
462000, 106493.45, 40270.15, 10000
463000, 104219.25, 37381.10, 14000
464000, 104096.00, 35029.85, 13000
465000, 105352.10, 37207.05, 12000
466000, 103803.60, 35450.05, 14000
467000, 103561.25, 36511.85, 18000
468000, 104081.30, 35120.15, 17000
469000, 103729.00, 34111.25, 17000
470000, 104067.20, 35499.15, 20000
471000, 104545.55, 35609.10, 16000
472000, 106834.15, 34312.20, 12000
473000, 105285.40, 35712.60, 12000
474000, 105372.75, 35849.40, 17000
475000, 106118.30, 34975.85, 17000
476000, 106420.20, 35505.65, 13000
477000, 106316.60, 36121.50, 14000
478000, 108184.95, 35445.25, 13000
479000, 106180.35, 35877.05, 23000
480000, 108256.80, 37821.20, 12000
481000, 108374.10, 35972.60, 10000
482000, 107770.00, 36493.25, 20000
483000, 107501.60, 34459.15, 16000
484000, 107881.50, 35343.10, 13000
485000, 107704.60, 37575.70, 19000
486000, 109557.85, 39894.25, 14000
487000, 108327.75, 36274.30, 19000
488000, 108399.10, 36633.25, 13000
489000, 111529.65, 39917.55, 10000
490000, 109353.50, 36075.45, 17000
491000, 110101.60, 37663.20, 14000
492000, 110588.80, 37636.65, 18000
493000, 110294.95, 37916.15, 27000
494000, 110829.25, 38482.75, 21000
495000, 112585.10, 37338.90, 16000
496000, 111271.70, 38093.10, 18000
497000, 111110.20, 36604.25, 16000
498000, 109838.35, 37835.95, 22000
499000, 111685.00, 38645.40, 15000
500000, 111958.10, 38927.45, 18000
501000, 112358.25, 36677.35, 10000
502000, 112078.15, 38749.05, 20000
503000, 115132.60, 39521.35, 15000
504000, 112968.20, 37054.35, 22000
505000, 112005.90, 37564.50, 17000
506000, 112648.35, 36864.10, 14000
507000, 114780.10, 39327.00, 19000
508000, 113616.70, 39393.45, 15000
509000, 114151.20, 37037.10, 20000
510000, 114422.75, 38766.25, 22000
511000, 114640.75, 37812.75, 12000
512000, 114093.85, 36457.15, 12000
513000, 115178.50, 39045.05, 16000
514000, 115191.15, 39127.30, 20000
515000, 115008.35, 39472.35, 17000
516000, 115338.05, 39784.05, 19000
517000, 115549.50, 37217.70, 13000
518000, 116565.10, 39530.25, 15000
519000, 117217.45, 38023.80, 17000
520000, 116526.75, 39113.30, 22000
521000, 116472.65, 38635.90, 17000
522000, 116658.40, 39914.55, 13000
523000, 115935.25, 39398.80, 15000
524000, 118120.75, 38751.65, 10000
525000, 117449.05, 37989.90, 19000
526000, 119346.80, 42449.80, 11000
527000, 119295.10, 42064.55, 25000
528000, 118517.75, 39951.40, 18000
529000, 118673.60, 40946.65, 25000
530000, 119443.45, 38595.85, 9000
531000, 121876.00, 43348.75, 10000
532000, 118863.05, 38615.20, 15000
533000, 120220.85, 40231.30, 14000
534000, 119871.55, 40015.10, 13000
535000, 119168.80, 38364.75, 19000
536000, 122042.95, 39956.60, 25000
537000, 120620.30, 39538.30, 21000
538000, 122887.35, 42993.00, 17000
539000, 120682.65, 39435.60, 19000
540000, 120827.15, 41105.15, 19000
541000, 122171.90, 41698.80, 14000
542000, 122346.45, 42882.20, 10000
543000, 122319.10, 41107.35, 18000
544000, 121743.60, 40347.05, 12000
545000, 122353.40, 41517.20, 27000
546000, 122247.75, 41413.00, 22000
547000, 122596.65, 40228.40, 20000
548000, 125471.30, 43449.90, 13000
549000, 122959.05, 39573.15, 17000
550000, 124291.75, 40159.65, 14000
551000, 124727.70, 41899.55, 18000
552000, 124790.60, 42085.10, 23000
553000, 124006.15, 41598.25, 18000
554000, 124285.35, 41607.70, 17000
555000, 124705.20, 40933.45, 8000
556000, 126668.50, 45635.15, 16000
557000, 124602.60, 40531.75, 18000
558000, 125593.70, 41522.15, 14000
559000, 125904.30, 40560.20, 17000
560000, 127989.10, 43428.85, 21000
561000, 126635.00, 39639.35, 16000
562000, 126683.45, 42092.95, 16000
563000, 125755.25, 43063.70, 24000
564000, 128410.70, 42453.15, 11000
565000, 126407.70, 42576.25, 17000
566000, 126874.95, 42447.25, 14000
567000, 126720.00, 41084.55, 12000
568000, 127914.10, 42652.85, 13000
569000, 127725.60, 42748.25, 21000
570000, 128428.50, 43076.60, 11000
571000, 129607.80, 44720.20, 11000
572000, 129692.60, 41812.90, 16000
573000, 130334.90, 44673.65, 13000
574000, 129340.80, 42756.85, 16000
575000, 129622.05, 44318.25, 22000
576000, 131942.55, 43984.00, 13000
577000, 130716.60, 44983.85, 16000
578000, 131091.35, 42696.20, 17000
579000, 130457.15, 43240.10, 15000
580000, 132684.90, 45245.60, 11000
581000, 131015.20, 43349.15, 15000
582000, 132931.65, 47469.10, 20000
583000, 132947.30, 44141.35, 14000
584000, 131373.50, 42311.85, 12000
585000, 133916.30, 47188.40, 13000
586000, 132299.35, 44010.75, 25000
587000, 135665.70, 44050.85, 12000
588000, 134805.75, 45145.25, 16000
589000, 134426.10, 45445.20, 13000
590000, 134288.90, 48319.50, 23000
591000, 135167.45, 45737.55, 21000
592000, 132819.05, 43963.40, 13000
593000, 133603.40, 44889.30, 17000
594000, 135679.25, 45417.95, 15000
595000, 134809.00, 45852.65, 17000
596000, 134911.30, 45830.70, 28000
597000, 136620.55, 44695.75, 15000
598000, 135425.10, 43792.60, 16000
599000, 136971.35, 46736.35, 22000
600000, 136970.00, 46666.10, 24000
601000, 136582.20, 44137.85, 21000
602000, 137526.50, 45741.60, 15000
603000, 135704.45, 44443.45, 13000
604000, 135801.95, 45963.50, 17000
605000, 137877.95, 45587.10, 22000
606000, 137386.25, 46403.35, 29000
607000, 137521.90, 46451.90, 22000
608000, 137661.65, 44276.75, 15000
609000, 138139.05, 44241.15, 9000
610000, 138538.00, 45096.25, 20000
611000, 137897.00, 43486.55, 22000
612000, 141633.30, 48706.50, 21000
613000, 137870.80, 45860.65, 20000
614000, 139441.95, 44170.10, 14000
615000, 139601.25, 45970.10, 19000
616000, 142448.35, 45703.85, 12000
617000, 140712.70, 47480.70, 18000
618000, 139820.35, 43427.60, 16000
619000, 141455.25, 46318.00, 12000
620000, 141674.10, 48135.05, 19000
621000, 141425.75, 47069.05, 13000
622000, 141251.05, 45090.95, 23000
623000, 140503.75, 47250.05, 26000
624000, 141968.95, 47753.70, 16000
625000, 141738.90, 46785.85, 21000
626000, 142345.95, 45454.35, 13000
627000, 142674.95, 46864.55, 16000
628000, 141823.05, 46666.85, 22000
629000, 145018.80, 46610.50, 14000
630000, 142365.65, 46302.55, 22000
631000, 142758.60, 45694.35, 13000
632000, 145725.90, 47763.70, 16000
633000, 143854.60, 46874.50, 19000
634000, 142990.35, 47522.45, 20000
635000, 144555.50, 48078.15, 26000
636000, 145056.25, 48429.25, 12000
637000, 144938.60, 45260.50, 15000
638000, 144641.85, 46986.55, 16000
639000, 145948.65, 49457.50, 17000
640000, 147067.95, 49263.05, 13000
641000, 146464.00, 46548.10, 15000
642000, 145310.80, 45239.05, 15000
643000, 147223.40, 48948.90, 21000
644000, 145958.95, 46545.85, 19000
645000, 147423.20, 48156.80, 20000
646000, 147545.95, 50856.95, 18000
647000, 147530.80, 49197.75, 19000
648000, 148301.50, 47978.10, 15000
649000, 147389.25, 50141.55, 17000
650000, 147849.85, 48710.25, 13000
651000, 148090.30, 47843.85, 18000
652000, 148233.25, 48405.40, 15000
653000, 150775.25, 49738.35, 16000
654000, 149482.90, 47936.55, 16000
655000, 149203.10, 47152.10, 23000
656000, 148519.80, 47948.50, 14000
657000, 151517.50, 48397.05, 14000
658000, 151145.55, 48688.30, 22000
659000, 150231.70, 50151.10, 13000
660000, 149555.50, 46929.90, 17000
661000, 151260.45, 50625.55, 16000
662000, 150837.70, 47800.60, 12000
663000, 150710.25, 47703.35, 16000
664000, 151680.25, 48455.00, 18000
665000, 150957.20, 47790.95, 20000
666000, 151790.70, 48381.00, 23000
667000, 152332.60, 49193.75, 14000
668000, 154030.80, 50131.60, 20000
669000, 153689.80, 51507.80, 13000
670000, 153170.10, 51356.55, 17000
671000, 154401.15, 49359.20, 13000
672000, 152614.40, 48497.70, 25000
673000, 155344.00, 48941.00, 24000
674000, 153560.15, 49149.65, 14000
675000, 154788.45, 50341.00, 16000
676000, 154934.75, 51193.20, 19000
677000, 155010.15, 50266.15, 18000
678000, 155033.15, 50460.05, 26000
679000, 154880.85, 48964.20, 16000
680000, 156969.25, 53062.05, 20000
681000, 155947.35, 52216.30, 24000
682000, 156869.90, 52038.45, 20000
683000, 157105.05, 48892.00, 12000
684000, 156644.90, 48789.30, 24000
685000, 155898.65, 50978.05, 22000
686000, 156072.70, 49831.35, 24000
687000, 158162.80, 50131.40, 15000
688000, 157831.20, 51102.85, 12000
689000, 159185.80, 53200.90, 14000
690000, 157538.95, 50259.95, 15000
691000, 158214.90, 51152.05, 15000
692000, 156997.35, 51572.40, 21000
693000, 158748.05, 53179.30, 25000
694000, 157634.25, 52495.10, 22000
695000, 160365.45, 53953.15, 18000
696000, 158205.40, 52437.75, 20000
697000, 159380.75, 51704.30, 24000
698000, 160754.00, 53350.50, 14000
699000, 160114.85, 50454.30, 22000
700000, 160102.80, 52584.25, 17000
701000, 160698.20, 50647.80, 19000
702000, 160414.10, 49705.20, 28000
703000, 161501.85, 53191.50, 18000
704000, 161426.25, 53375.95, 20000
705000, 163284.90, 54433.75, 14000
706000, 164230.45, 54124.60, 26000
707000, 160759.50, 51218.55, 20000
708000, 162625.75, 51537.85, 17000
709000, 160365.05, 50264.50, 14000
710000, 161988.65, 52290.65, 17000
711000, 161797.85, 51380.25, 17000
712000, 164674.90, 54715.75, 22000
713000, 162860.00, 53774.05, 18000
714000, 165392.30, 55750.40, 12000
715000, 164740.35, 54821.00, 17000
716000, 164788.55, 53031.05, 16000
717000, 163962.20, 54229.75, 19000
718000, 165431.40, 53484.60, 13000
719000, 165607.10, 54452.75, 16000
720000, 165403.55, 55157.80, 23000
721000, 164356.30, 53989.65, 21000
722000, 165324.40, 55006.50, 28000
723000, 167895.75, 56057.65, 16000
724000, 167413.35, 54592.30, 17000
725000, 165701.75, 52105.50, 17000
726000, 165763.25, 54715.75, 18000
727000, 166578.80, 54632.55, 14000
728000, 167148.30, 52124.50, 15000
729000, 168109.50, 56164.90, 28000
730000, 166510.95, 52032.55, 22000
731000, 168854.45, 55343.80, 16000
732000, 169805.25, 54396.65, 21000
733000, 168641.30, 54381.50, 17000
734000, 167906.40, 56227.45, 17000
735000, 169298.90, 56269.10, 17000
736000, 170110.75, 53528.80, 13000
737000, 169841.85, 56480.60, 22000
738000, 168538.10, 55274.05, 22000
739000, 169392.40, 54229.15, 20000
740000, 170918.95, 55314.80, 16000
741000, 170040.05, 56974.10, 25000
742000, 170510.00, 53975.35, 15000
743000, 169800.05, 55379.95, 19000
744000, 170548.40, 56423.65, 21000
745000, 171335.70, 54270.50, 24000
746000, 171263.70, 54303.65, 14000
747000, 171623.25, 53679.05, 15000
748000, 172173.00, 55254.00, 16000
749000, 171493.70, 55961.10, 24000
750000, 171550.65, 55171.15, 13000
751000, 172625.65, 55767.25, 15000
752000, 170845.75, 53793.60, 19000
753000, 173679.45, 57407.95, 17000
754000, 174013.85, 55986.90, 13000
755000, 173639.35, 57222.50, 20000
756000, 173379.50, 55975.00, 18000
757000, 173865.35, 56021.20, 18000
758000, 173532.70, 55226.55, 16000
759000, 173441.95, 56724.10, 15000
760000, 174497.25, 57753.70, 17000
761000, 174300.90, 57568.20, 13000
762000, 174475.85, 55246.80, 17000
763000, 177463.10, 58112.55, 23000
764000, 175118.10, 55986.20, 20000
765000, 176083.85, 55704.35, 14000
766000, 175718.15, 56386.35, 21000
767000, 175977.45, 55321.80, 17000
768000, 176849.65, 59516.90, 27000
769000, 177012.80, 58913.65, 21000
770000, 176885.85, 55284.60, 12000
771000, 177167.45, 55233.40, 25000
772000, 177045.05, 57597.60, 13000
773000, 179016.00, 59467.85, 21000
774000, 179651.10, 58321.80, 23000
775000, 178177.85, 58081.90, 22000
776000, 179266.30, 56850.50, 24000
777000, 178028.50, 57940.30, 18000
778000, 178842.70, 59450.20, 19000
779000, 179511.10, 56172.30, 20000
780000, 179071.95, 59442.40, 19000
781000, 180000.65, 60478.35, 16000
782000, 180822.80, 56728.60, 17000
783000, 179437.40, 56101.15, 28000
784000, 180280.65, 57852.10, 21000
785000, 182402.50, 58873.80, 20000
786000, 183128.90, 57887.55, 20000
787000, 182162.20, 59865.85, 21000
788000, 182524.40, 57427.75, 15000
789000, 182056.90, 56298.45, 11000
790000, 182020.70, 57916.45, 18000
791000, 182939.85, 56687.05, 18000
792000, 185769.20, 60946.70, 20000
793000, 183545.35, 59355.50, 18000
794000, 181880.00, 57289.05, 14000
795000, 183947.95, 58617.95, 11000
796000, 186254.90, 61185.75, 21000
797000, 184916.40, 61920.40, 23000
798000, 185251.70, 58810.40, 20000
799000, 185014.60, 60364.30, 19000
800000, 186395.45, 59328.35, 18000
801000, 184664.15, 61104.40, 21000
802000, 183693.30, 56260.80, 29000
803000, 185136.00, 61495.50, 27000
804000, 186767.10, 58182.70, 15000
805000, 186989.65, 62009.55, 18000
806000, 185364.90, 58260.90, 17000
807000, 189004.90, 62008.05, 24000
808000, 185123.15, 58497.45, 15000
809000, 188386.60, 59494.00, 14000
810000, 186939.20, 60751.20, 18000
811000, 186992.50, 60704.95, 20000
812000, 187902.45, 60641.70, 20000
813000, 190429.35, 60914.80, 16000
814000, 189507.35, 61717.15, 19000
815000, 189173.35, 59628.85, 21000
816000, 187386.95, 58342.55, 18000
817000, 187771.00, 62204.10, 20000
818000, 190959.30, 61389.60, 12000
819000, 191487.05, 59974.10, 14000
820000, 189680.95, 60533.30, 18000
821000, 189187.45, 60386.10, 22000
822000, 187800.30, 58824.75, 18000
823000, 190840.70, 63275.40, 22000
824000, 192519.75, 64161.70, 20000
825000, 190148.35, 60405.75, 19000
826000, 190993.25, 62703.85, 28000
827000, 190676.30, 61528.05, 29000
828000, 191543.45, 59174.05, 23000
829000, 194024.35, 64154.60, 21000
830000, 191391.65, 61992.60, 22000
831000, 192547.60, 61681.75, 28000
832000, 193015.35, 59326.95, 21000
833000, 192268.05, 62679.60, 22000
834000, 195438.65, 61713.10, 13000
835000, 192499.35, 62775.95, 23000
836000, 192778.05, 63818.40, 16000
837000, 192952.75, 60860.20, 16000
838000, 193885.75, 60337.00, 14000
839000, 196072.35, 60692.35, 18000
840000, 193953.85, 62234.70, 21000
841000, 196517.00, 62834.55, 21000
842000, 193623.90, 61964.00, 18000
843000, 194690.35, 64933.20, 18000
844000, 197061.25, 63692.45, 12000
845000, 195737.60, 62540.25, 10000
846000, 196417.25, 66241.15, 27000
847000, 195577.90, 62730.45, 20000
848000, 196116.95, 61811.50, 17000
849000, 197918.40, 62208.65, 26000
850000, 198057.75, 64668.90, 21000
851000, 197192.55, 61792.95, 18000
852000, 196929.40, 64323.25, 14000
853000, 197841.85, 60767.90, 13000
854000, 197661.60, 63949.20, 21000
855000, 199859.90, 65795.90, 19000
856000, 196726.65, 59759.05, 20000
857000, 197188.60, 63285.50, 22000
858000, 199289.10, 62992.35, 24000
859000, 199394.50, 62500.70, 17000
860000, 200516.60, 63096.90, 18000
861000, 198482.20, 63046.95, 12000
862000, 200450.15, 62708.35, 18000
863000, 203164.85, 64541.50, 14000
864000, 200423.65, 65040.70, 21000
865000, 202268.90, 63480.85, 19000
866000, 200470.05, 64781.70, 19000
867000, 204503.75, 66480.10, 10000
868000, 200755.05, 63557.50, 18000
869000, 204815.45, 69677.40, 23000
870000, 201887.35, 65964.95, 17000
871000, 201486.15, 65699.05, 23000
872000, 203588.15, 64914.15, 13000
873000, 203800.90, 61812.95, 17000
874000, 201399.40, 62370.20, 13000
875000, 202766.90, 64945.45, 20000
876000, 203757.25, 62999.85, 19000
877000, 205940.25, 66059.60, 14000
878000, 207293.70, 65727.95, 22000
879000, 203642.25, 63669.40, 20000
880000, 205362.45, 66657.20, 22000
881000, 204724.00, 67010.95, 29000
882000, 206305.85, 66505.50, 26000
883000, 206625.00, 65314.00, 18000
884000, 203422.10, 65503.70, 17000
885000, 204792.20, 64071.55, 15000
886000, 207866.45, 67286.25, 21000
887000, 207177.55, 65292.00, 15000
888000, 207244.50, 63399.50, 17000
889000, 207376.85, 67324.10, 20000
890000, 204886.45, 62523.40, 18000
891000, 206164.35, 66151.75, 17000
892000, 207248.35, 66826.05, 28000
893000, 208612.20, 68810.80, 24000
894000, 206465.75, 65276.05, 26000
895000, 208434.60, 65282.45, 18000
896000, 208864.35, 67660.90, 16000
897000, 208685.10, 63734.75, 17000
898000, 208057.50, 67152.80, 18000
899000, 208516.70, 64485.15, 13000
900000, 207729.55, 66210.45, 21000
901000, 209267.25, 64793.45, 16000
902000, 208554.60, 64268.50, 24000
903000, 208924.25, 64402.95, 19000
904000, 211610.60, 67110.90, 16000
905000, 212070.50, 65244.70, 13000
906000, 210125.90, 69237.90, 25000
907000, 215233.25, 70510.60, 20000
908000, 212936.45, 68612.40, 24000
909000, 212068.15, 68023.95, 17000
910000, 211370.00, 67850.25, 19000
911000, 210023.80, 63588.50, 23000
912000, 211875.30, 65140.10, 19000
913000, 212242.15, 64656.60, 16000
914000, 213546.60, 68708.85, 23000
915000, 212498.80, 67258.75, 20000
916000, 212385.40, 65531.30, 16000
917000, 213317.85, 68575.25, 16000
918000, 212067.30, 64204.00, 19000
919000, 212810.00, 64857.70, 16000
920000, 213862.45, 65450.75, 22000
921000, 213691.00, 67637.00, 25000
922000, 215446.70, 67157.10, 15000
923000, 214146.25, 65987.45, 15000
924000, 215573.70, 67857.30, 23000
925000, 215681.30, 71257.10, 28000
926000, 218664.05, 73566.20, 25000
927000, 215280.75, 69441.40, 24000
928000, 216060.90, 69787.65, 23000
929000, 216893.60, 68188.40, 22000
930000, 216202.85, 67657.80, 17000
931000, 219597.60, 71011.65, 15000
932000, 217455.15, 65912.15, 23000
933000, 220066.45, 71404.35, 20000
934000, 220638.80, 68261.25, 21000
935000, 215844.35, 67554.35, 18000
936000, 216507.95, 66913.35, 17000
937000, 219362.15, 67400.30, 17000
938000, 219236.75, 68236.50, 16000
939000, 220637.95, 72954.45, 21000
940000, 217341.85, 68906.55, 24000
941000, 220446.95, 70870.50, 16000
942000, 217975.20, 69428.10, 20000
943000, 220458.40, 68181.40, 17000
944000, 221777.45, 68172.60, 13000
945000, 222485.80, 69377.80, 17000
946000, 219839.05, 69193.45, 12000
947000, 220187.10, 69059.25, 17000
948000, 219889.60, 70369.45, 21000
949000, 223920.10, 68951.80, 16000
950000, 220269.90, 68477.00, 25000
951000, 222455.60, 68802.20, 19000
952000, 222792.40, 68929.80, 15000
953000, 222033.75, 70588.95, 23000
954000, 222719.95, 68388.85, 21000
955000, 222067.65, 71772.50, 19000
956000, 224695.20, 68862.40, 22000
957000, 221490.00, 69074.85, 21000
958000, 224587.80, 68331.60, 19000
959000, 222763.75, 70307.70, 19000
960000, 226381.75, 74942.65, 16000
961000, 223035.20, 70563.90, 21000
962000, 223771.70, 71244.55, 21000
963000, 223264.25, 71800.65, 28000
964000, 224301.15, 71686.75, 18000
965000, 223225.50, 67338.25, 21000
966000, 225445.60, 73814.15, 17000
967000, 224606.75, 71980.60, 18000
968000, 224654.55, 68613.30, 18000
969000, 226413.50, 71274.30, 20000
970000, 226385.70, 69344.70, 21000
971000, 225868.90, 70188.30, 20000
972000, 232816.50, 72975.75, 13000
973000, 227190.25, 71424.80, 26000
974000, 228660.35, 69696.95, 22000
975000, 230046.30, 75203.40, 27000
976000, 226021.30, 70820.15, 19000
977000, 226564.05, 73206.55, 26000
978000, 227023.65, 72494.50, 21000
979000, 228208.35, 70977.60, 21000
980000, 227455.50, 73082.95, 17000
981000, 231019.60, 71395.20, 18000
982000, 233934.80, 73443.45, 21000
983000, 228377.55, 71835.95, 19000
984000, 232027.40, 71045.85, 24000
985000, 230488.50, 73794.60, 15000
986000, 228761.80, 69135.85, 16000
987000, 230029.10, 69785.60, 28000
988000, 234532.30, 76400.50, 19000
989000, 232015.80, 74683.65, 18000
990000, 233091.10, 70596.80, 19000
991000, 231833.55, 74468.65, 28000
992000, 232903.85, 73219.10, 20000
993000, 235473.65, 71951.95, 15000
994000, 231676.05, 75335.65, 27000
995000, 231818.05, 73541.35, 24000
996000, 232429.40, 72399.30, 21000
997000, 235787.45, 76128.10, 17000
998000, 233508.25, 74286.80, 18000
999000, 232636.90, 74614.05, 17000
1000000, 239363.10, 76807.70, 20000
